ID,Tópico,Perfil da Pergunta,Pergunta,Resposta Correta,Evidência na Base,Tag,Nível de Confiança
Q001,Objetivo da política,Direto ao ponto,Para que serve a política de férias?,Serve para estabelecer diretrizes e procedimentos para o processo de férias dos colaboradores.,Política estabelece diretrizes e procedimentos para férias.,ferias_objetivo,Alto
Q002,Objetivo da política,Direto ao ponto,Qual é o objetivo da política?,"O objetivo é assegurar que o processo de férias seja justo, transparente e conforme a legislação trabalhista.","Processo justo, transparente e em conformidade com legislação trabalhista.",ferias_objetivo,Alto
Q003,Objetivo da política,Coloquial ou ansioso,essa política explica como pedir férias mesmo?,Sim. Ela define orientações e procedimentos para o processo de férias dos colaboradores.,Define orientações e procedimentos para férias.,ferias_objetivo,Alto
Q004,Objetivo da política,Cenário complexo,"Se houver dúvida entre colaborador, gestor e RH sobre férias, essa política deve orientar o processo?",Sim. A política formaliza diretrizes e práticas para conduzir o processo de férias.,Formaliza diretrizes e práticas para o processo.,ferias_objetivo,Alto
Q005,Objetivo da política,Negativo ou limite,A política trata de benefícios que não sejam férias?,Essa informação não está especificada na política fornecida.,O objetivo citado trata do processo de férias.,ferias_escopo,Baixo
Q006,Objetivo da política,Busca por procedimento,Onde encontro as regras gerais do processo de férias?,Nas diretrizes e procedimentos definidos pela política de férias.,Política estabelece diretrizes e procedimentos.,ferias_procedimento,Alto
Q007,Objetivo da política,Reformulação semântica,Essa política define as regras de férias?,"Sim. Ela determina regras, orientações e procedimentos para o processo de férias.",Determina regras e procedimentos para férias.,ferias_objetivo,Alto
Q008,Público-alvo,Direto ao ponto,Quem está coberto pela política?,Colaboradores efetivos contratados pelo regime CLT e estagiários.,Público-alvo: CLT efetivos e estagiários.,ferias_publico_alvo,Alto
Q009,Público-alvo,Direto ao ponto,A política vale para CLT?,Sim. Ela vale para colaboradores efetivos contratados pelo regime CLT.,Colaboradores efetivos pelo regime CLT.,ferias_clt,Alto
Q010,Público-alvo,Coloquial ou ansioso,"sou estagiário, entro nessa regra?",Sim. Estagiários estão incluídos no público-alvo da política.,Público-alvo inclui estagiários.,estagio_publico,Alto
Q011,Público-alvo,Cenário complexo,"Sou colaborador efetivo CLT, mas não sei se a política se aplica ao meu cargo. Ela vale para mim?",Sim. A política se aplica a todos os colaboradores efetivos contratados pelo regime CLT.,Todos os colaboradores efetivos CLT.,ferias_clt,Alto
Q012,Público-alvo,Negativo ou limite,A política vale para prestador PJ?,Essa informação não está especificada na política fornecida.,A política cita apenas CLT efetivos e estagiários.,ferias_pj,Baixo
Q013,Público-alvo,Busca por responsabilidade,Quem deve seguir esta política?,Colaboradores efetivos CLT e estagiários devem seguir a política.,Público-alvo definido como CLT efetivos e estagiários.,ferias_publico_alvo,Alto
Q014,Público-alvo,Reformulação semântica,Estagiários e empregados CLT estão incluídos?,Sim. A política inclui colaboradores efetivos CLT e estagiários.,Público-alvo inclui ambos.,ferias_publico_alvo,Alto
Q015,Direito a férias,Direto ao ponto,Quantos dias de férias tenho direito?,"A cada ano completo de trabalho, o colaborador tem direito a 30 dias de férias.",Direito a 30 dias por ano completo.,ferias_direito,Alto
Q016,Direito a férias,Direto ao ponto,Férias são pagas?,Sim. As férias são remuneradas com acréscimo de 1/3 do salário.,Férias remuneradas com acréscimo de 1/3.,ferias_remuneracao,Alto
Q017,Direito a férias,Coloquial ou ansioso,"fiz 1 ano de casa, já ganho 30 dias?",Sim. A política prevê 30 dias de férias a cada ano completo de trabalho.,"A cada ano completo, 30 dias.",ferias_direito,Alto
Q018,Direito a férias,Cenário complexo,"Completei um ano de trabalho, mas ainda não programei férias. O direito já existe?",Sim. O direito a 30 dias ocorre a cada ano completo de trabalho; a programação deve seguir o processo da política.,Direito após ano completo; programação em regra própria.,ferias_direito,Alto
Q019,Direito a férias,Negativo ou limite,Tenho direito a 30 dias sem completar um ano?,Essa informação não está especificada na política fornecida. A política diz que o direito ocorre a cada ano completo de trabalho.,Direito vinculado a ano completo de trabalho.,ferias_direito,Baixo
Q020,Direito a férias,Busca por procedimento,O que acontece após completar um ano de trabalho?,"O colaborador passa a ter direito a 30 dias de férias, observando as regras de programação da política.",Ano completo gera direito a 30 dias.,ferias_direito,Alto
Q021,Direito a férias,Reformulação semântica,"Depois de 12 meses, quantos dias de descanso tenho?",A política estabelece 30 dias de férias a cada ano completo de trabalho.,30 dias a cada ano completo.,ferias_direito,Alto
Q022,Período aquisitivo,Direto ao ponto,O que é período aquisitivo?,É o período de 12 meses trabalhados de forma contínua que dá ao colaborador o direito às férias.,12 meses trabalhados de forma ininterrupta.,ferias_periodo_aquisitivo,Alto
Q023,Período aquisitivo,Direto ao ponto,Quanto dura o período aquisitivo?,Dura 12 meses trabalhados de forma contínua.,Período de 12 meses trabalhados.,ferias_periodo_aquisitivo,Alto
Q024,Período aquisitivo,Coloquial ou ansioso,tenho que trabalhar 12 meses seguidos pra ter férias?,Sim. O período aquisitivo é de 12 meses trabalhados de forma ininterrupta.,12 meses sem interrupção.,ferias_periodo_aquisitivo,Alto
Q025,Período aquisitivo,Cenário complexo,"Se meu trabalho tiver interrupção dentro dos 12 meses, ainda conta como período aquisitivo?",Essa informação não está especificada na política fornecida. Ela apenas define o período aquisitivo como 12 meses trabalhados de forma ininterrupta.,"Define 12 meses ininterruptos, sem detalhar interrupções.",ferias_periodo_aquisitivo,Baixo
Q026,Período aquisitivo,Negativo ou limite,Posso adquirir férias sem cumprir o período aquisitivo?,Não conforme a regra descrita. O direito às férias é conferido pelo período de 12 meses trabalhados de forma contínua.,Período aquisitivo confere o direito.,ferias_periodo_aquisitivo,Alto
Q027,Período aquisitivo,Busca por procedimento,Como sei quando adquiro o direito às férias?,Verificando o cumprimento do período aquisitivo de 12 meses trabalhados de forma contínua.,Ciclo de 12 meses garante o direito.,ferias_periodo_aquisitivo,Alto
Q028,Período aquisitivo,Reformulação semântica,Quando começa meu direito a férias?,Após o período aquisitivo de 12 meses trabalhados de forma contínua.,12 meses trabalhados garantem o direito.,ferias_periodo_aquisitivo,Alto
Q029,Período concessivo,Direto ao ponto,O que é período concessivo?,É o prazo de 12 meses após o período aquisitivo em que a empresa deve conceder as férias.,12 meses subsequentes ao período aquisitivo.,ferias_periodo_concessivo,Alto
Q030,Período concessivo,Direto ao ponto,Quanto tempo a empresa tem para conceder férias?,A empresa deve conceder as férias dentro dos 12 meses subsequentes ao período aquisitivo.,Prazo de 12 meses posteriores ao período aquisitivo.,ferias_periodo_concessivo,Alto
Q031,Período concessivo,Coloquial ou ansioso,"ganhei direito às férias, até quando tenho que tirar?",As férias devem ser concedidas dentro dos 12 meses seguintes ao período aquisitivo.,Período concessivo de 12 meses.,ferias_periodo_concessivo,Alto
Q032,Período concessivo,Cenário complexo,Completei o período aquisitivo. A empresa tem até quando para marcar minhas férias?,A empresa deve conceder as férias dentro dos 12 meses subsequentes ao período aquisitivo.,Prazo de 12 meses subsequentes.,ferias_periodo_concessivo,Alto
Q033,Período concessivo,Negativo ou limite,Posso deixar férias fora do período concessivo?,Não conforme a política. As férias devem ser usufruídas dentro do período concessivo para evitar férias em dobro.,Férias dentro do período concessivo para evitar pagamento em dobro.,ferias_periodo_concessivo,Alto
Q034,Período concessivo,Busca por procedimento,O que devo acompanhar depois do período aquisitivo?,"Deve-se acompanhar o período concessivo, que é o prazo de 12 meses para concessão das férias.",Período concessivo definido como 12 meses.,ferias_periodo_concessivo,Alto
Q035,Período concessivo,Reformulação semântica,Qual é o prazo depois que conquisto as férias?,O prazo é de 12 meses subsequentes ao período aquisitivo.,12 meses seguintes ao período aquisitivo.,ferias_periodo_concessivo,Alto
Q036,Perda do direito às férias,Direto ao ponto,Posso perder o direito às férias?,Sim. A política informa que algumas situações podem levar à perda do direito às férias.,Outras situações podem levar à perda do direito.,ferias_perda_direito,Alto
Q037,Perda do direito às férias,Direto ao ponto,Sair da empresa pode causar perda do direito às férias?,"Sim, se o colaborador deixar o emprego e não for readmitido dentro de 30 dias após a saída.",Deixar o emprego e não ser readmitido em 30 dias.,ferias_perda_direito,Alto
Q038,Perda do direito às férias,Coloquial ou ansioso,"se eu sair e voltar depois, perco as férias?",A política informa que deixar o emprego e não ser readmitido em até 30 dias pode levar à perda do direito às férias.,Readmissão deve ocorrer dentro de 30 dias.,ferias_readmissao,Alto
Q039,Perda do direito às férias,Cenário complexo,Saí da empresa e fui readmitido depois de 40 dias. A política preserva meu direito às férias?,Não conforme a regra descrita. A política aponta perda do direito se não houver readmissão dentro de 30 dias.,Não ser readmitido dentro de 30 dias após saída.,ferias_readmissao,Alto
Q040,Perda do direito às férias,Negativo ou limite,Posso manter o direito se for readmitido após mais de 30 dias?,Essa informação não está especificada como possibilidade. A política só informa que não ser readmitido dentro de 30 dias pode levar à perda do direito.,Regra menciona prazo de 30 dias.,ferias_readmissao,Médio
Q041,Perda do direito às férias,Busca por responsabilidade,Quem avalia perda do direito às férias?,Essa informação não está especificada na política fornecida.,"A política cita situações de perda, mas não define responsável.",ferias_perda_responsavel,Baixo
Q042,Perda do direito às férias,Reformulação semântica,Quais situações podem tirar meu direito às férias?,O novo texto cita deixar o emprego e não ser readmitido dentro de 30 dias após a saída.,Situação listada como perda do direito.,ferias_perda_direito,Alto
Q043,Programação das férias,Direto ao ponto,Com quem programo minhas férias?,O colaborador deve alinhar a programação das férias com o gestor.,Colaborador deve alinhar com o gestor.,ferias_programacao,Alto
Q044,Programação das férias,Direto ao ponto,Preciso alinhar férias antes de registrar?,Sim. A programação deve ser alinhada com o gestor.,Alinhar a programação com o gestor.,ferias_programacao,Alto
Q045,Programação das férias,Coloquial ou ansioso,tenho que combinar minhas férias com o chefe?,Sim. A política determina alinhamento da programação com o gestor.,Combinar/ajustar/acordar com o gestor.,ferias_programacao,Alto
Q046,Programação das férias,Cenário complexo,"Quero férias em um período específico, mas ainda não conversei com meu gestor. Posso registrar direto?",A política informa que o colaborador deve alinhar a programação com o gestor antes do processo de registro.,Deve alinhar com o gestor.,ferias_programacao,Alto
Q047,Programação das férias,Negativo ou limite,Posso marcar férias sem falar com o gestor?,Não conforme a política. O colaborador deve alinhar a programação das férias com o gestor.,Colaborador deve alinhar com o gestor.,ferias_programacao,Alto
Q048,Programação das férias,Busca por procedimento,Qual é o primeiro passo para solicitar férias?,Alinhar a programação das férias com o gestor.,Colaborador deve alinhar com o gestor.,ferias_programacao,Alto
Q049,Programação das férias,Reformulação semântica,"Antes de pedir férias, preciso acordar a data com alguém?",Sim. A data deve ser alinhada com o gestor.,Deve acordar a programação com o gestor.,ferias_programacao,Alto
Q050,Registro no portal RH,Direto ao ponto,Onde registro minhas férias?,"No portal do RH, após a definição da data.",Colaborador registrará suas férias no portal RH.,ferias_portal_rh,Alto
Q051,Registro no portal RH,Direto ao ponto,Quem aprova no portal RH?,O gestor imediato realiza a aprovação.,Gestor imediato realizará a aprovação.,ferias_aprovacao,Alto
Q052,Registro no portal RH,Coloquial ou ansioso,"combinei a data, agora lanço onde?","Depois de definir a data, o colaborador deve registrar as férias no portal RH.","Após definição da data, registro no portal RH.",ferias_portal_rh,Alto
Q053,Registro no portal RH,Cenário complexo,"Já defini a data com meu gestor, mas ainda não registrei no portal RH. O processo está completo?",Não. A política exige o registro das férias no portal RH e aprovação do gestor imediato.,Registro no portal RH e aprovação do gestor.,ferias_portal_rh,Alto
Q054,Registro no portal RH,Negativo ou limite,Posso sair de férias sem registrar no portal RH?,"Não conforme a política. Após a definição da data, o colaborador deve registrar as férias no portal RH.",Colaborador registrará suas férias no portal RH.,ferias_portal_rh,Alto
Q055,Registro no portal RH,Busca por procedimento,O que faço depois de combinar a data das férias?,Deve registrar as férias no portal RH para aprovação do gestor imediato.,Registro no portal e aprovação do gestor.,ferias_fluxo,Alto
Q056,Registro no portal RH,Reformulação semântica,O cadastro das férias é feito pelo colaborador?,Sim. O colaborador registra as férias no portal RH.,Colaborador cadastrará as férias no portal RH.,ferias_portal_rh,Alto
Q057,Discricionariedade da empresa,Direto ao ponto,A empresa pode definir o período das férias?,"Sim. As férias são de discricionariedade da empresa, e o gestor pode definir o melhor período.",Gestor poderá definir o melhor período.,ferias_discricionariedade,Alto
Q058,Discricionariedade da empresa,Direto ao ponto,O gestor pode escolher a data das férias?,Sim. A política informa que o gestor poderá definir o melhor período para o gozo de férias.,Gestor poderá determinar o melhor período.,ferias_gestor_periodo,Alto
Q059,Discricionariedade da empresa,Coloquial ou ansioso,meu gestor pode mudar o período que eu queria?,"A política informa que o gestor pode definir o melhor período, pois as férias são de discricionariedade da empresa.",Férias são de discricionariedade da empresa.,ferias_discricionariedade,Alto
Q060,Discricionariedade da empresa,Cenário complexo,"Se minha preferência de férias conflitar com a necessidade da área, o gestor pode indicar outro período?",Sim. O gestor pode definir o melhor período para que o colaborador goze férias.,Gestor poderá estabelecer melhor período.,ferias_gestor_periodo,Alto
Q061,Discricionariedade da empresa,Negativo ou limite,Posso impor minha data de férias à empresa?,"Não conforme a política. O período deve ser alinhado, e a empresa tem discricionariedade para definir o melhor período.",Discricionariedade da empresa e definição pelo gestor.,ferias_discricionariedade,Alto
Q062,Discricionariedade da empresa,Busca por responsabilidade,Quem pode definir o melhor período das férias?,O gestor pode definir o melhor período para o colaborador gozar férias.,Gestor poderá definir melhor período.,ferias_gestor_periodo,Alto
Q063,Discricionariedade da empresa,Reformulação semântica,A decisão final do período pode ser da empresa?,Sim. A política informa que as férias são de discricionariedade da empresa.,Férias são de discricionariedade da empresa.,ferias_discricionariedade,Alto
Q064,Opções de férias,Direto ao ponto,Quais opções de férias posso escolher?,"O colaborador pode optar por 30 dias de férias, 20 dias de férias e 10 dias de abono pecuniário, ou parcelamento em até 3 períodos.",Opções: 30 dias; 20 + 10 abono; até 3 períodos.,ferias_opcoes,Alto
Q065,Opções de férias,Direto ao ponto,Posso tirar 30 dias de férias?,Sim. Uma das opções previstas é 30 dias de férias.,Opção de 30 dias de férias.,ferias_30_dias,Alto
Q066,Opções de férias,Coloquial ou ansioso,posso vender 10 dias das férias?,Sim. A política prevê a opção de 20 dias de férias e 10 dias de abono pecuniário.,20 dias de férias e 10 dias de abono.,ferias_abono,Alto
Q067,Opções de férias,Cenário complexo,Quero tirar 20 dias e converter 10 dias em abono. Isso está previsto?,Sim. A política prevê 20 dias de férias e 10 dias de abono pecuniário.,Opção 20 dias + 10 dias de abono.,ferias_abono,Alto
Q068,Opções de férias,Negativo ou limite,Posso vender todos os 30 dias?,Essa informação não está especificada na política fornecida. A política só menciona 10 dias de abono pecuniário.,Apenas 10 dias de abono são previstos.,ferias_abono_limite,Baixo
Q069,Opções de férias,Busca por procedimento,"Como escolho entre 30 dias, abono ou parcelamento?","A política informa as opções disponíveis, mas não detalha o procedimento operacional de escolha.","Lista opções, sem passo a passo específico.",ferias_opcoes,Médio
Q070,Opções de férias,Reformulação semântica,Posso fracionar as férias em vez de tirar tudo de uma vez?,Sim. A política permite parcelamento das férias em até 3 períodos.,Parcelamento em até 3 períodos.,ferias_parcelamento,Alto
Q071,Programação automática pelo RH,Direto ao ponto,O que acontece se ninguém programar minhas férias?,"Se colaborador e gestor não realizarem programação e aprovação, o RH fará isso automaticamente 60 dias antes da data de início das férias e comunicará o colaborador.",RH fará automaticamente 60 dias antes.,ferias_programacao_automatica,Alto
Q072,Programação automática pelo RH,Direto ao ponto,O RH pode programar férias automaticamente?,"Sim, caso colaborador e gestor não realizem a programação e aprovação.",RH realizará automaticamente se não houver programação/aprovação.,ferias_programacao_automatica,Alto
Q073,Programação automática pelo RH,Coloquial ou ansioso,"esqueci de marcar férias, o RH resolve?","A política informa que, se colaborador e gestor não programarem e aprovarem, o RH fará isso automaticamente e comunicará o colaborador.",RH executará automaticamente e informará.,ferias_programacao_automatica,Alto
Q074,Programação automática pelo RH,Cenário complexo,"Se o gestor também esquecer de aprovar minhas férias, quem agenda?","O RH fará a programação e aprovação automaticamente, comunicando o colaborador.",RH faz automaticamente se colaborador e gestor não fizerem.,ferias_programacao_automatica,Alto
Q075,Programação automática pelo RH,Negativo ou limite,Posso impedir o RH de programar automaticamente?,Essa informação não está especificada na política fornecida.,A política apenas diz que o RH fará automaticamente.,ferias_programacao_automatica,Baixo
Q076,Programação automática pelo RH,Busca por responsabilidade,Quem comunica o colaborador sobre férias programadas automaticamente?,O RH comunica o colaborador sobre o início das férias.,RH comunica o colaborador.,ferias_comunicacao,Alto
Q077,Programação automática pelo RH,Reformulação semântica,Quem age quando colaborador e gestor não concluem a programação?,O RH realiza a programação e aprovação automaticamente.,RH realizará isso automaticamente.,ferias_programacao_automatica,Alto
Q078,Férias de gaveta,Direto ao ponto,Férias de gaveta são permitidas?,Não. A política proíbe a prática de “férias de gaveta”.,Proibida a prática de férias de gaveta.,ferias_gaveta,Alto
Q079,Férias de gaveta,Direto ao ponto,Preciso realmente usufruir as férias?,Sim. Todos os colaboradores devem usufruir suas férias conforme programado.,Devem usufruir conforme programado.,ferias_gozo,Alto
Q080,Férias de gaveta,Coloquial ou ansioso,posso registrar férias e continuar trabalhando?,Não. A política proíbe férias de gaveta e exige usufruir as férias conforme programado.,Férias conforme programado; férias de gaveta proibidas.,ferias_gaveta,Alto
Q081,Férias de gaveta,Cenário complexo,"Meu gestor pediu para eu registrar férias, mas continuar disponível. Isso pode?","Não conforme a política. Todos devem usufruir as férias conforme programado, sendo proibidas férias de gaveta.",Proibição de férias de gaveta.,ferias_gaveta,Alto
Q082,Férias de gaveta,Negativo ou limite,Posso trabalhar durante as férias se for combinado informalmente?,Não conforme a política. A prática de férias de gaveta é proibida.,Férias de gaveta proibidas.,ferias_gaveta,Alto
Q083,Férias de gaveta,Busca por procedimento,O que devo fazer durante o período de férias programado?,Deve usufruir as férias conforme programado.,Colaboradores devem usufruir férias conforme definido.,ferias_gozo,Alto
Q084,Férias de gaveta,Reformulação semântica,A política permite férias apenas no papel?,Não. A prática de férias de gaveta é proibida.,Vedada/proibida a prática de férias de gaveta.,ferias_gaveta,Alto
Q085,Parcelamento das férias,Direto ao ponto,Posso parcelar minhas férias?,Sim. Gestor e colaborador podem concordar em parcelar as férias em até três períodos.,Parcelamento em até três períodos.,ferias_parcelamento,Alto
Q086,Parcelamento das férias,Direto ao ponto,Em quantas partes posso dividir férias?,"Em até três períodos, se houver acordo entre gestor e colaborador.",Podem dividir em até três períodos.,ferias_parcelamento,Alto
Q087,Parcelamento das férias,Coloquial ou ansioso,dá pra quebrar as férias em 3 vezes?,"Sim. A política permite parcelar em até três períodos, mediante acordo entre gestor e colaborador.","Até três períodos, por acordo.",ferias_parcelamento,Alto
Q088,Parcelamento das férias,Cenário complexo,"Quero parcelar, mas meu gestor não concorda. Posso mesmo assim?",Não conforme a política. O parcelamento depende de concordância entre gestor e colaborador.,Gestor e colaborador podem concordar.,ferias_parcelamento,Alto
Q089,Parcelamento das férias,Negativo ou limite,Posso dividir férias em quatro períodos?,Não. A política permite parcelamento em até três períodos.,Até três períodos.,ferias_parcelamento,Alto
Q090,Parcelamento das férias,Busca por responsabilidade,Quem precisa concordar com o parcelamento?,O gestor e o colaborador.,Gestor e colaborador podem acordar.,ferias_parcelamento,Alto
Q091,Parcelamento das férias,Reformulação semântica,O fracionamento das férias é permitido?,"Sim. É permitido em até três períodos, por acordo entre gestor e colaborador.",Fracionamento em até três períodos.,ferias_parcelamento,Alto
Q092,Limites do parcelamento,Direto ao ponto,Qual o mínimo de dias no parcelamento?,"Um dos períodos deve ter no mínimo 14 dias, e os demais, no mínimo 5 dias corridos cada.",Um período mínimo 14; demais mínimo 5.,ferias_parcelamento_limites,Alto
Q093,Limites do parcelamento,Direto ao ponto,Uma parcela pode ter menos de 5 dias?,Não. Os demais períodos não podem ser inferiores a 5 dias corridos cada.,Demais períodos mínimo de 5 dias corridos.,ferias_parcelamento_limites,Alto
Q094,Limites do parcelamento,Coloquial ou ansioso,posso tirar 3 dias agora e o resto depois?,Não conforme a regra de parcelamento. Os períodos menores não podem ser inferiores a 5 dias corridos.,Mínimo de 5 dias corridos.,ferias_parcelamento_limites,Alto
Q095,Limites do parcelamento,Cenário complexo,"Posso dividir as férias em 10, 10 e 10 dias?",Não. Um dos períodos deve ter no mínimo 14 dias.,Um dos períodos não poderá ser inferior a 14 dias.,ferias_parcelamento_limites,Alto
Q096,Limites do parcelamento,Negativo ou limite,Posso parcelar sem nenhum período de 14 dias?,Não. Um dos períodos deve ter no mínimo 14 dias.,"Um dos períodos deverá ter, no mínimo, 14 dias.",ferias_parcelamento_limites,Alto
Q097,Limites do parcelamento,Busca por procedimento,O que devo conferir antes de parcelar férias?,"Verifique se há no máximo três períodos, com um deles de no mínimo 14 dias e os demais de no mínimo 5 dias corridos.",Regras mínimas do parcelamento.,ferias_parcelamento_limites,Alto
Q098,Limites do parcelamento,Reformulação semântica,Qual é a menor duração permitida para férias fracionadas?,"Um período precisa ter pelo menos 14 dias, e os demais não podem ter menos de 5 dias corridos.",Mínimos de 14 e 5 dias.,ferias_parcelamento_limites,Alto
Q099,Férias dentro do período concessivo,Direto ao ponto,As férias devem ser tiradas dentro do período concessivo?,Sim. As férias devem ser usufruídas dentro do período concessivo.,Férias devem ser usufruídas dentro do período concessivo.,ferias_periodo_concessivo,Alto
Q100,Férias dentro do período concessivo,Direto ao ponto,Por que respeitar o período concessivo?,Para evitar o pagamento de férias em dobro.,Evitar pagamento de férias em dobro.,ferias_dobro,Alto
Q101,Férias dentro do período concessivo,Coloquial ou ansioso,"se passar do prazo, vira férias em dobro?",A política informa que as férias devem ser usadas dentro do período concessivo para evitar pagamento em dobro.,Férias dentro do período concessivo para evitar pagamento em dobro.,ferias_dobro,Alto
Q102,Férias dentro do período concessivo,Cenário complexo,Minhas férias estão perto de vencer no período concessivo. Qual é o risco?,O risco indicado pela política é gerar pagamento de férias em dobro se não forem usufruídas dentro do período concessivo.,Evitar férias em dobro.,ferias_dobro,Alto
Q103,Férias dentro do período concessivo,Negativo ou limite,Posso acumular férias fora do período concessivo?,Não conforme a política. As férias devem ser usufruídas dentro do período concessivo.,Devem ser utilizadas dentro do período concessivo.,ferias_periodo_concessivo,Alto
Q104,Férias dentro do período concessivo,Busca por responsabilidade,Quem deve evitar férias fora do período concessivo?,"O controle é responsabilidade do gestor imediato, e o RH acompanha pendências que possam gerar férias em dobro.",Gestor controla; RH identifica pendências.,ferias_dobro,Alto
Q105,Férias dentro do período concessivo,Reformulação semântica,Férias precisam ser gozadas no prazo correto?,Sim. Devem ser gozadas dentro do período concessivo.,Férias precisam ser usufruídas dentro do período concessivo.,ferias_periodo_concessivo,Alto
Q106,E-mail automático,Direto ao ponto,Quando recebo aviso de vencimento das férias?,O colaborador recebe e-mail automático 60 dias antes do vencimento das férias.,E-mail automático 60 dias antes do vencimento.,ferias_email_automatico,Alto
Q107,E-mail automático,Direto ao ponto,O aviso de férias vem por e-mail?,Sim. A política informa que o colaborador recebe e-mail automático.,Receberá e-mail automático.,ferias_email_automatico,Alto
Q108,E-mail automático,Coloquial ou ansioso,o sistema avisa quando minhas férias tão vencendo?,Sim. O colaborador recebe comunicado automático por e-mail 60 dias antes do vencimento.,Notificação automática por e-mail 60 dias antes.,ferias_email_automatico,Alto
Q109,E-mail automático,Cenário complexo,Recebi e-mail automático de férias. O que ele indica que devo fazer?,O e-mail indica que o colaborador deve realizar a programação no portal RH.,E-mail para realizar programação no portal RH.,ferias_email_automatico,Alto
Q110,E-mail automático,Negativo ou limite,A política informa outro canal além de e-mail?,Essa informação não está especificada na política fornecida.,O texto menciona e-mail automático.,ferias_comunicacao,Baixo
Q111,E-mail automático,Busca por procedimento,O que faço após receber o e-mail de vencimento?,Deve realizar a programação no portal RH.,E-mail automático para programação no portal RH.,ferias_programacao,Alto
Q112,E-mail automático,Reformulação semântica,Com quantos dias de antecedência sou notificado sobre o vencimento?,Com 60 dias de antecedência.,60 dias antes do vencimento.,ferias_email_automatico,Alto
Q113,Responsabilidade do gestor imediato,Direto ao ponto,Quem aprova as férias?,O gestor imediato é responsável pela aprovação das férias.,Aprovação das férias é responsabilidade do gestor imediato.,ferias_gestor_imediato,Alto
Q114,Responsabilidade do gestor imediato,Direto ao ponto,Quem controla os períodos aquisitivos?,O gestor imediato controla os períodos aquisitivos.,Gestor imediato controla períodos aquisitivos.,ferias_controle_aquisitivo,Alto
Q115,Responsabilidade do gestor imediato,Coloquial ou ansioso,meu gestor que tem que cuidar pra não vencer férias?,Sim. O gestor imediato é responsável pelo controle dos períodos aquisitivos para evitar férias em dobro.,Gestor controla para evitar férias em dobro.,ferias_gestor_imediato,Alto
Q116,Responsabilidade do gestor imediato,Cenário complexo,"Se houver risco de férias em dobro, quem tem responsabilidade direta pelo controle?",O gestor imediato é responsável pela aprovação e controle dos períodos aquisitivos para evitar férias em dobro.,Responsabilidade do gestor imediato.,ferias_dobro,Alto
Q117,Responsabilidade do gestor imediato,Negativo ou limite,O colaborador aprova sozinho as próprias férias?,Não. A aprovação é responsabilidade do gestor imediato.,Gestor imediato realiza aprovação.,ferias_aprovacao,Alto
Q118,Responsabilidade do gestor imediato,Busca por responsabilidade,Quem deve acompanhar aprovação e controle das férias?,O gestor imediato.,Cabe ao gestor imediato a aprovação e controle.,ferias_gestor_imediato,Alto
Q119,Responsabilidade do gestor imediato,Reformulação semântica,Cabe ao gestor controlar férias vencendo?,Sim. Cabe ao gestor imediato controlar períodos aquisitivos para evitar férias em dobro.,Gestor controla períodos aquisitivos.,ferias_controle_aquisitivo,Alto
Q120,Antecedência mínima para aprovação,Direto ao ponto,Qual prazo mínimo para aprovar férias?,As férias devem ser aprovadas com no mínimo 35 dias de antecedência do início do período de gozo.,Aprovação com no mínimo 35 dias.,ferias_prazo_aprovacao,Alto
Q121,Antecedência mínima para aprovação,Direto ao ponto,Férias podem ser aprovadas faltando menos de 35 dias?,Não conforme a política. O prazo mínimo de aprovação é de 35 dias.,Mínimo de 35 dias de antecedência.,ferias_prazo_aprovacao,Alto
Q122,Antecedência mínima para aprovação,Coloquial ou ansioso,dá pra aprovar férias em cima da hora?,Não conforme a política. As férias precisam ser aprovadas com no mínimo 35 dias de antecedência.,Aprovação mínima de 35 dias.,ferias_prazo_aprovacao,Alto
Q123,Antecedência mínima para aprovação,Cenário complexo,Minhas férias começam em 30 dias e ainda não foram aprovadas. Está dentro da regra?,Não. A política exige aprovação com no mínimo 35 dias de antecedência.,35 dias antes do início do gozo.,ferias_prazo_aprovacao,Alto
Q124,Antecedência mínima para aprovação,Negativo ou limite,O gestor pode aprovar férias sem respeitar 35 dias?,Não conforme a política. O prazo mínimo de 35 dias deve ser respeitado.,Férias devem receber aprovação com 35 dias.,ferias_prazo_aprovacao,Alto
Q125,Antecedência mínima para aprovação,Busca por procedimento,Quando devo garantir a aprovação das férias?,A aprovação deve ocorrer pelo menos 35 dias antes do início do período de gozo.,Aprovação com 35 dias de antecedência.,ferias_prazo_aprovacao,Alto
Q126,Antecedência mínima para aprovação,Reformulação semântica,Com quanto tempo antes as férias precisam estar autorizadas?,Com no mínimo 35 dias de antecedência.,"Autorização com, no mínimo, 35 dias.",ferias_prazo_aprovacao,Alto
Q127,Alteração da data de férias,Direto ao ponto,Posso alterar a data das férias?,"Sim, desde que seja respeitado o prazo de 35 dias.",Alteração da data deve respeitar 35 dias.,ferias_alteracao_data,Alto
Q128,Alteração da data de férias,Direto ao ponto,Qual prazo para mudar férias?,O prazo para alteração da data é de 35 dias.,Mesmo prazo mencionado: 35 dias.,ferias_alteracao_data,Alto
Q129,Alteração da data de férias,Coloquial ou ansioso,"preciso mudar minhas férias, tem prazo?","Sim. Para alterar a data, o prazo de 35 dias deve ser respeitado.",Alteração deve observar 35 dias.,ferias_alteracao_data,Alto
Q130,Alteração da data de férias,Cenário complexo,Minhas férias começam em 20 dias e quero alterar a data. A política permite?,"Não conforme a política, pois a alteração da data deve respeitar o prazo de 35 dias.",Alteração deve cumprir 35 dias.,ferias_alteracao_data,Alto
Q131,Alteração da data de férias,Negativo ou limite,Posso mudar férias sem cumprir o prazo de 35 dias?,Não conforme a política. O prazo de 35 dias deve ser cumprido para alteração de data.,Prazo de 35 dias deverá ser cumprido.,ferias_alteracao_data,Alto
Q132,Alteração da data de férias,Busca por procedimento,O que devo observar antes de pedir alteração de férias?,Deve observar o prazo mínimo de 35 dias para alteração da data.,Prazo citado anteriormente: 35 dias.,ferias_alteracao_data,Alto
Q133,Alteração da data de férias,Reformulação semântica,Qual antecedência vale para remarcar férias?,A antecedência é de 35 dias.,Mesmo período de 35 dias.,ferias_alteracao_data,Alto
Q134,Relatórios gerenciais,Direto ao ponto,O gestor tem relatórios de férias?,Sim. O gestor tem acesso a relatórios gerenciais no portal RH.,Gestor tem acesso aos relatórios gerenciais.,ferias_relatorios,Alto
Q135,Relatórios gerenciais,Direto ao ponto,Onde ficam os relatórios gerenciais?,No portal RH.,Relatórios gerenciais no portal RH.,ferias_relatorios,Alto
Q136,Relatórios gerenciais,Coloquial ou ansioso,meu gestor consegue ver meus períodos pelo portal?,Sim. O gestor tem acesso a relatórios gerenciais para controle e acompanhamento dos períodos aquisitivos.,Gestor acompanha períodos aquisitivos no portal RH.,ferias_relatorios,Alto
Q137,Relatórios gerenciais,Cenário complexo,Como o gestor acompanha vários colaboradores com períodos aquisitivos diferentes?,O gestor usa relatórios gerenciais no portal RH para controle e acompanhamento dos períodos aquisitivos.,Controle por relatórios gerenciais.,ferias_relatorios,Alto
Q138,Relatórios gerenciais,Negativo ou limite,A política diz que o colaborador tem acesso aos relatórios gerenciais?,Essa informação não está especificada na política fornecida. A política informa acesso do gestor.,Gestor tem acesso aos relatórios.,ferias_relatorios,Baixo
Q139,Relatórios gerenciais,Busca por procedimento,Como controlar períodos aquisitivos no portal RH?,A política informa que o gestor tem acesso aos relatórios gerenciais no portal RH para controle e acompanhamento.,Relatórios gerenciais no portal RH.,ferias_relatorios,Alto
Q140,Relatórios gerenciais,Reformulação semântica,O gestor pode monitorar férias pelo portal?,Sim. Ele tem acesso a relatórios gerenciais no portal RH.,Gestor monitora pelo portal RH.,ferias_relatorios,Alto
Q141,Acompanhamento pelo RH,Direto ao ponto,O RH acompanha períodos aquisitivos?,Sim. A Administração estratégica de RH acompanha os períodos aquisitivos.,RH acompanha períodos aquisitivos.,ferias_rh_acompanhamento,Alto
Q142,Acompanhamento pelo RH,Direto ao ponto,O RH identifica pendências de férias?,Sim. O RH identifica pendências que possam gerar férias em dobro.,RH identifica pendências por relatórios gerenciais.,ferias_rh_pendencias,Alto
Q143,Acompanhamento pelo RH,Coloquial ou ansioso,o RH vê se minhas férias podem dobrar?,Sim. A área de Administração estratégica de RH identifica pendências que possam gerar férias em dobro.,Identifica pendências que possam gerar férias em dobro.,ferias_dobro,Alto
Q144,Acompanhamento pelo RH,Cenário complexo,"Se o gestor não controlar adequadamente, há acompanhamento adicional pelo RH?","Sim. A Administração estratégica de RH acompanha períodos aquisitivos, verifica programação e identifica pendências.",RH acompanha e verifica programação.,ferias_rh_acompanhamento,Alto
Q145,Acompanhamento pelo RH,Negativo ou limite,O RH substitui toda responsabilidade do gestor?,Não conforme a política. O gestor imediato é responsável pela aprovação e controle; o RH acompanha e identifica pendências.,Gestor controla; RH acompanha.,ferias_responsabilidades,Alto
Q146,Acompanhamento pelo RH,Busca por responsabilidade,Quem identifica risco de férias em dobro por relatórios?,A Administração estratégica de RH.,RH identifica pendências por relatórios gerenciais.,ferias_rh_pendencias,Alto
Q147,Acompanhamento pelo RH,Reformulação semântica,A Administração estratégica de RH monitora férias?,"Sim. Ela acompanha os períodos aquisitivos, verifica programação e identifica pendências.",RH monitora períodos e pendências.,ferias_rh_acompanhamento,Alto
Q148,Processamento das férias,Direto ao ponto,Quem processa as férias?,A Administração estratégica de RH processa as férias após aprovação no portal.,RH processa após aprovação.,ferias_processamento,Alto
Q149,Processamento das férias,Direto ao ponto,Quando o RH processa as férias?,Após a aprovação das férias no portal.,"Após aprovação no portal, RH processa.",ferias_processamento,Alto
Q150,Processamento das férias,Coloquial ou ansioso,"depois que aprova no portal, quem mexe no pagamento?","A Administração estratégica de RH processa as férias, faz cálculo, conferência e envio ao financeiro.","RH processa, calcula, confere e envia ao financeiro.",ferias_pagamento_processamento,Alto
Q151,Processamento das férias,Cenário complexo,Minhas férias foram aprovadas no portal. Qual área dá sequência ao cálculo e pagamento?,"A Administração estratégica de RH processa as férias, seguindo prazos de cálculo, conferências e envio de pagamento ao financeiro.",RH processa e envia ao financeiro.,ferias_processamento,Alto
Q152,Processamento das férias,Negativo ou limite,O financeiro processa diretamente as férias após aprovação?,Essa informação não está especificada dessa forma. A política diz que a Administração estratégica de RH processa e envia o pagamento ao financeiro.,RH processa e envia ao financeiro.,ferias_financeiro,Médio
Q153,Processamento das férias,Busca por procedimento,O que ocorre após aprovação das férias no portal?,"A Administração estratégica de RH processa as férias, realiza cálculo, conferências e envio do pagamento ao financeiro.",Processamento após aprovação.,ferias_processamento,Alto
Q154,Processamento das férias,Reformulação semântica,Quem dá andamento administrativo às férias aprovadas?,A Administração estratégica de RH.,RH realiza processamento das férias.,ferias_processamento,Alto
Q155,Remuneração das férias,Direto ao ponto,Como é a remuneração das férias?,"É equivalente à remuneração que o colaborador receberia em exercício normal, acrescida de um terço.",Remuneração equivalente à normal + 1/3.,ferias_remuneracao,Alto
Q156,Remuneração das férias,Direto ao ponto,Recebo como se estivesse trabalhando?,"Sim. A remuneração das férias equivale à remuneração normal, acrescida de um terço.","Equivalente ao exercício normal, acrescida de 1/3.",ferias_remuneracao,Alto
Q157,Remuneração das férias,Coloquial ou ansioso,nas férias meu salário vem menor?,"Não conforme a política. A remuneração das férias deve ser equivalente à remuneração normal, acrescida de um terço.",Remuneração equivalente à normal + 1/3.,ferias_remuneracao,Alto
Q158,Remuneração das férias,Cenário complexo,"Se eu estivesse trabalhando normalmente, esse valor serve como base para férias?","Sim. A remuneração das férias será equivalente à que o colaborador receberia em exercício normal das atividades, acrescida de um terço.",Base é remuneração em exercício normal.,ferias_remuneracao,Alto
Q159,Remuneração das férias,Negativo ou limite,A política permite pagar férias sem o acréscimo de um terço?,Não. A política prevê remuneração acrescida de um terço.,Acrescida de um terço.,ferias_um_terco,Alto
Q160,Remuneração das férias,Busca por procedimento,Qual referência é usada para calcular a remuneração das férias?,A remuneração que o colaborador receberia em exercício normal das atividades.,Remuneração equivalente ao exercício normal.,ferias_remuneracao,Alto
Q161,Remuneração das férias,Reformulação semântica,O pagamento das férias acompanha minha remuneração normal?,"Sim. Ele é equivalente à remuneração normal, acrescida de um terço.",Pagamento equivalente à remuneração normal.,ferias_remuneracao,Alto
Q162,Gratificação de férias CPQD,Direto ao ponto,Qual é a gratificação de férias do CPQD?,"A política informa acréscimo de 36,7% como gratificação de férias.","Acréscimo de 36,7% como gratificação.",ferias_gratificacao_cpqd,Alto
Q163,Gratificação de férias CPQD,Direto ao ponto,Qual percentual adicional o estatuto do CPQD prevê?,"O estatuto do CPQD prevê acréscimo de 36,7% como gratificação de férias.","Estatuto CPQD: 36,7%.",ferias_gratificacao_cpqd,Alto
Q164,Gratificação de férias CPQD,Coloquial ou ansioso,"além do 1/3, tem mais alguma coisa no CPQD?","Sim. A política informa acréscimo de 36,7% como gratificação de férias, resultando em total de 70% do salário.","Gratificação de 36,7%, totalizando 70%.",ferias_gratificacao_cpqd,Alto
Q165,Gratificação de férias CPQD,Cenário complexo,"Somando a gratificação prevista no CPQD, qual total a política menciona?",A política menciona valor total de 70% do salário do colaborador.,Resultando em valor total de 70% do salário.,ferias_total_70,Alto
Q166,Gratificação de férias CPQD,Negativo ou limite,A política informa que a gratificação CPQD é opcional?,"Não. O texto informa que ficou convencionado o acréscimo de 36,7%, sem tratá-lo como opcional.","Haverá acréscimo de 36,7%.",ferias_gratificacao_cpqd,Alto
Q167,Gratificação de férias CPQD,Busca por procedimento,"Onde a política fundamenta a gratificação de 36,7%?","No estatuto do CPQD, conforme mencionado no texto.",De acordo com o estatuto do CPQD.,ferias_gratificacao_cpqd,Alto
Q168,Gratificação de férias CPQD,Reformulação semântica,O adicional CPQD de férias soma quanto do salário?,"Segundo a política, resulta em valor total de 70% do salário do colaborador.",Valor total de 70% do salário.,ferias_total_70,Alto
Q169,Prazo de pagamento das férias,Direto ao ponto,Quando as férias devem ser pagas?,Até dois dias antes do início do respectivo período de gozo das férias.,Pagamento até dois dias antes do início.,ferias_prazo_pagamento,Alto
Q170,Prazo de pagamento das férias,Direto ao ponto,O pagamento vem antes das férias?,Sim. Deve ser realizado até dois dias antes do início das férias.,Até dois dias antes do início.,ferias_prazo_pagamento,Alto
Q171,Prazo de pagamento das férias,Coloquial ou ansioso,vou receber antes de sair de férias né?,Sim. A política prevê pagamento até dois dias antes do início do período de gozo.,Pagamento até dois dias antes.,ferias_prazo_pagamento,Alto
Q172,Prazo de pagamento das férias,Cenário complexo,"Se minhas férias começam na segunda-feira, qual regra de prazo se aplica ao pagamento?",O pagamento deve ser feito até dois dias antes do início do período de gozo.,Prazo de dois dias antes do início.,ferias_prazo_pagamento,Alto
Q173,Prazo de pagamento das férias,Negativo ou limite,A empresa pode pagar depois que as férias começaram?,Não conforme a política. O pagamento deve ocorrer até dois dias antes do início.,Pagamento até dois dias antes.,ferias_prazo_pagamento,Alto
Q174,Prazo de pagamento das férias,Busca por responsabilidade,Quem envia o pagamento ao financeiro?,A Administração estratégica de RH envia o pagamento ao financeiro.,RH realiza envio de pagamento ao financeiro.,ferias_financeiro,Alto
Q175,Prazo de pagamento das férias,Reformulação semântica,Até quando o valor das férias precisa estar pago?,Até dois dias antes do início das férias.,Pagamento até dois dias antes do início.,ferias_prazo_pagamento,Alto
Q176,Férias proporcionais,Direto ao ponto,Tenho férias proporcionais na rescisão?,"Sim. Em caso de rescisão, o colaborador tem direito a férias proporcionais aos meses trabalhados no período aquisitivo em curso.",Férias proporcionais em caso de rescisão.,ferias_proporcionais,Alto
Q177,Férias proporcionais,Direto ao ponto,Como calcula férias proporcionais?,Na proporção de 1/12 avos a cada 15 dias ou mais trabalhados no mês.,1/12 avos a cada 15 dias ou mais.,ferias_proporcionais,Alto
Q178,Férias proporcionais,Coloquial ou ansioso,"se eu sair da empresa, recebo férias proporcionais?",Sim. A política prevê férias proporcionais em caso de rescisão do contrato de trabalho.,Direito em caso de rescisão.,ferias_rescisao,Alto
Q179,Férias proporcionais,Cenário complexo,Trabalhei 15 dias ou mais em um mês antes da rescisão. Esse mês conta?,Sim. A política considera 1/12 avos a cada 15 dias ou mais trabalhados no mês.,15 dias ou mais trabalhados no mês.,ferias_proporcionais,Alto
Q180,Férias proporcionais,Negativo ou limite,Trabalhei menos de 15 dias no mês. A política diz que conta?,Essa informação não está especificada diretamente. A política só menciona 1/12 avos a cada 15 dias ou mais trabalhados.,Regra cita 15 dias ou mais.,ferias_proporcionais,Baixo
Q181,Férias proporcionais,Busca por procedimento,Em qual situação a política trata férias proporcionais?,Em caso de rescisão do contrato de trabalho.,Em caso de rescisão.,ferias_rescisao,Alto
Q182,Férias proporcionais,Reformulação semântica,"Na saída da empresa, tenho direito proporcional aos meses trabalhados?",Sim. A política prevê férias proporcionais aos meses trabalhados no período aquisitivo em curso.,Proporcionais aos meses trabalhados.,ferias_proporcionais,Alto
Q183,Estabilidade pós-férias,Direto ao ponto,Existe estabilidade depois das férias?,"Sim. Após as férias, o colaborador tem direito à estabilidade pelo mesmo número de dias que gozou de férias.",Estabilidade pelo mesmo número de dias gozados.,ferias_estabilidade,Alto
Q184,Estabilidade pós-férias,Direto ao ponto,Por quantos dias fico estável após férias?,Pelo mesmo número de dias que gozou de férias.,Mesmo número de dias gozados.,ferias_estabilidade,Alto
Q185,Estabilidade pós-férias,Coloquial ou ansioso,"tirei 20 dias, fico protegido por 20 dias?",Sim. A estabilidade é pelo mesmo número de dias usufruídos de férias.,Estabilidade pelo mesmo número de dias.,ferias_estabilidade,Alto
Q186,Estabilidade pós-férias,Cenário complexo,"Se eu gozar 14 dias de férias parceladas, qual estabilidade tenho?","Pela política, a estabilidade será pelo mesmo número de dias gozados, ou seja, 14 dias.",Estabilidade pelo mesmo número de dias gozados.,ferias_estabilidade,Alto
Q187,Estabilidade pós-férias,Negativo ou limite,A política diz que não tenho estabilidade após férias?,Não. A política afirma que há estabilidade no emprego pelo mesmo número de dias gozados.,Colaborador tem direito à estabilidade.,ferias_estabilidade,Alto
Q188,Estabilidade pós-férias,Busca por procedimento,Como saber o período de estabilidade pós-férias?,Conte o mesmo número de dias que foram gozados de férias.,Mesmo número de dias que gozou.,ferias_estabilidade,Alto
Q189,Estabilidade pós-férias,Reformulação semântica,A estabilidade acompanha a quantidade de dias de férias tirados?,Sim. Ela corresponde ao mesmo número de dias gozados.,Mesmo número de dias usufruídos.,ferias_estabilidade,Alto
Q190,Recesso do estagiário,Direto ao ponto,Estagiário tem direito a recesso?,Sim. Estagiários têm direito a recesso remunerado de 30 dias a cada 12 meses de estágio.,Recesso remunerado de 30 dias a cada 12 meses.,estagio_recesso,Alto
Q191,Recesso do estagiário,Direto ao ponto,Quantos dias de recesso o estagiário tem?,30 dias a cada 12 meses de estágio.,30 dias a cada 12 meses.,estagio_recesso,Alto
Q192,Recesso do estagiário,Coloquial ou ansioso,estagiário também descansa remunerado?,Sim. O recesso dos estagiários é remunerado.,Recesso remunerado.,estagio_recesso,Alto
Q193,Recesso do estagiário,Cenário complexo,O recesso do estagiário deve coincidir com as férias escolares?,A política informa que deve ocorrer preferencialmente durante as férias escolares.,Preferencialmente durante as férias escolares.,estagio_ferias_escolares,Alto
Q194,Recesso do estagiário,Negativo ou limite,Estagiário fica sem recesso remunerado?,Não conforme a política. Estagiários têm direito a recesso remunerado.,Direito a recesso remunerado.,estagio_recesso,Alto
Q195,Recesso do estagiário,Busca por procedimento,Quando o estagiário ganha direito a 30 dias de recesso?,A cada 12 meses de estágio.,30 dias a cada 12 meses de estágio.,estagio_recesso,Alto
Q196,Recesso do estagiário,Reformulação semântica,O descanso do estagiário é chamado de férias?,A política usa o termo recesso remunerado para estagiários.,Estagiários têm direito a recesso remunerado.,estagio_recesso,Alto
Q197,Recesso proporcional do estagiário,Direto ao ponto,Estágio menor que 12 meses tem recesso?,"Sim. Para estágios com duração inferior a 12 meses, o recesso será proporcional ao período estagiado.",Recesso proporcional para duração inferior a 12 meses.,estagio_recesso_proporcional,Alto
Q198,Recesso proporcional do estagiário,Direto ao ponto,Recesso proporcional existe para estagiário?,Sim. Existe quando o estágio tem duração inferior a 12 meses.,Recesso proporcional ao período estagiado.,estagio_recesso_proporcional,Alto
Q199,Recesso proporcional do estagiário,Coloquial ou ansioso,"meu estágio é curto, perco o recesso?",Não conforme a política. O recesso será proporcional ao período estagiado.,Recesso proporcional.,estagio_recesso_proporcional,Alto
Q200,Recesso proporcional do estagiário,Cenário complexo,Meu contrato de estágio termina antes de completar 12 meses. Tenho algum recesso?,Sim. O recesso será concedido proporcionalmente ao período estagiado.,Estágios inferiores a 12 meses têm recesso proporcional.,estagio_recesso_proporcional,Alto
Q201,Recesso proporcional do estagiário,Negativo ou limite,A política diz que estágio abaixo de 12 meses não tem recesso?,Não. Ela informa que o recesso será proporcional ao período estagiado.,Recesso proporcional para menos de 12 meses.,estagio_recesso_proporcional,Alto
Q202,Recesso proporcional do estagiário,Busca por procedimento,Como considerar recesso em estágio menor que 12 meses?,Deve ser concedido de forma proporcional ao período estagiado.,Proporcional ao período estagiado.,estagio_recesso_proporcional,Alto
Q203,Recesso proporcional do estagiário,Reformulação semântica,O recesso acompanha o tempo de estágio?,"Sim. Para contratos inferiores a 12 meses, ele é proporcional ao período estagiado.",Recesso proporcional ao período.,estagio_recesso_proporcional,Alto
Q204,Programação do recesso do estagiário,Direto ao ponto,Como o estagiário programa o recesso?,"Após alinhar o período com o gestor, o estagiário realiza a programação no portal RH e o gestor aprova.","Alinhar com gestor, programar no portal RH e aprovação.",estagio_programacao,Alto
Q205,Programação do recesso do estagiário,Direto ao ponto,Quem aprova o recesso do estagiário?,O gestor aprova o recesso do estagiário.,Gestor realiza a aprovação.,estagio_aprovacao,Alto
Q206,Programação do recesso do estagiário,Coloquial ou ansioso,"sou estagiário, tenho que lançar recesso no portal?","Sim. Após alinhar com o gestor, o estagiário realiza a programação no portal RH.",Estagiário programa no portal RH.,estagio_portal_rh,Alto
Q207,Programação do recesso do estagiário,Cenário complexo,O gestor deve considerar férias escolares ao aprovar meu recesso de estágio?,Sim. A aprovação considera a conveniência para a empresa e o período de férias escolares do estagiário.,Considera conveniência da empresa e férias escolares.,estagio_ferias_escolares,Alto
Q208,Programação do recesso do estagiário,Negativo ou limite,Estagiário pode tirar recesso sem aprovação do gestor?,Não. O gestor realiza a aprovação do recesso.,Gestor efetua aprovação.,estagio_aprovacao,Alto
Q209,Programação do recesso do estagiário,Busca por procedimento,Qual é o passo a passo do recesso do estagiário?,"Alinhar com o gestor, programar no portal RH e aguardar a aprovação do gestor.","Alinhamento, portal RH e aprovação.",estagio_programacao,Alto
Q210,Programação do recesso do estagiário,Reformulação semântica,O recesso do estagiário também precisa ser combinado com o gestor?,Sim. O estagiário deve alinhar o período de recesso com o gestor.,Após alinhar com o gestor.,estagio_programacao,Alto
Q211,Remuneração do recesso,Direto ao ponto,O recesso do estagiário é remunerado?,Sim. O recesso dos estagiários é remunerado com base na bolsa-auxílio recebida.,Recesso remunerado com base na bolsa-auxílio.,estagio_remuneracao,Alto
Q212,Remuneração do recesso,Direto ao ponto,Qual é a base da remuneração do recesso?,A bolsa-auxílio recebida pelo estagiário.,Remuneração baseada na bolsa-auxílio.,estagio_remuneracao,Alto
Q213,Remuneração do recesso,Coloquial ou ansioso,no recesso eu continuo recebendo bolsa?,Sim. O recesso é remunerado com base na bolsa-auxílio recebida.,Recesso pago com base na bolsa-auxílio.,estagio_remuneracao,Alto
Q214,Remuneração do recesso,Cenário complexo,"Se meu valor de referência é a bolsa-auxílio, ela é usada para remunerar o recesso?",Sim. A política informa que o recesso será remunerado com base na bolsa-auxílio recebida.,Base na bolsa-auxílio recebida.,estagio_remuneracao,Alto
Q215,Remuneração do recesso,Negativo ou limite,O recesso do estagiário é sem pagamento?,Não. A política informa que o recesso é remunerado.,Recesso será remunerado.,estagio_remuneracao,Alto
Q216,Remuneração do recesso,Busca por procedimento,Como calcular o recesso do estagiário?,A política informa apenas que a remuneração é baseada na bolsa-auxílio recebida; não detalha fórmula de cálculo.,"Base na bolsa-auxílio, sem fórmula detalhada.",estagio_remuneracao,Médio
Q217,Remuneração do recesso,Reformulação semântica,O pagamento do recesso considera a bolsa do estágio?,Sim. A remuneração do recesso é baseada na bolsa-auxílio recebida.,Bolsa-auxílio como base.,estagio_remuneracao,Alto
Q218,Exceções à política,Direto ao ponto,Quem aprova exceções à política?,Qualquer exceção deve ser aprovada pelo gestor de Recursos Humanos.,Exceções aprovadas pelo gestor de RH.,ferias_excecoes,Alto
Q219,Exceções à política,Direto ao ponto,Toda exceção precisa de aprovação do RH?,Sim. Toda exceção à política deve ser aprovada pelo gestor de Recursos Humanos.,Toda exceção deve ser aprovada pelo gestor de RH.,ferias_excecoes,Alto
Q220,Exceções à política,Coloquial ou ansioso,"meu caso é diferente, quem pode liberar exceção?",O gestor de Recursos Humanos deve aprovar qualquer exceção à política.,Qualquer exceção deve receber aprovação do gestor de RH.,ferias_excecoes,Alto
Q221,Exceções à política,Cenário complexo,Meu gestor imediato concordou com uma exceção fora da política. Isso basta?,Essa informação não está especificada como suficiente. A política informa que exceções devem ser aprovadas pelo gestor de Recursos Humanos.,Exceções aprovadas pelo gestor de RH.,ferias_excecoes,Médio
Q222,Exceções à política,Negativo ou limite,Posso aplicar uma exceção sem aprovação do gestor de RH?,Não. Qualquer exceção deve ser aprovada pelo gestor de Recursos Humanos.,Exceções devem ser autorizadas pelo gestor de RH.,ferias_excecoes,Alto
Q223,Exceções à política,Busca por procedimento,Como solicito uma exceção à política de férias?,Essa informação não está especificada na política fornecida. A política apenas diz que exceções devem ser aprovadas pelo gestor de Recursos Humanos.,Não há procedimento de solicitação descrito.,ferias_excecao_procedimento,Baixo
Q224,Exceções à política,Reformulação semântica,Quem autoriza casos fora da regra?,O gestor de Recursos Humanos.,Qualquer exceção deve receber aprovação do gestor de RH.,ferias_excecoes,Alto